{
  "ext/controller/CapexObjectPageCustom-dbg.controller.js": 1723939433209,
  "i18n/i18n.properties": 1723815646564,
  "i18n/i18n_en.properties": 1723939433209,
  "i18n/customI18N.properties": 1723815646564,
  "ext/controller/CapexObjectPageCustom.controller.js": 1723939433209,
  "ext/controller/CapexListReportCustom.controller.js": 1723939433209,
  "manifest.json": 1723950614531,
  "Component.js": 1723413905845,
  "ext/controller/CapexListReportCustom-dbg.controller.js": 1723939433209,
  "ext/controller/CapexListReportCustom.controller.js.map": 1723950614643,
  "i18n/customI18N_en.properties": 1723815646564,
  "ext/controller/CapexObjectPageCustom.controller.js.map": 1723950614635,
  "Component-dbg.js": 1723413905845,
  "Component.js.map": 1723950614625,
  "Component-preload.js": 1723950614711,
  "Component-preload.js.map": 1723950614711,
  "ext/CustomImage.view.xml": 1723657357863,
  "index.html": 1723649856651
}