{
  "ext/controller/CapexObjectPageCustom.controller.js.map": 1723851814955,
  "i18n/i18n_en.properties": 1723815646564,
  "i18n/customI18N_en.properties": 1723815646564,
  "i18n/customI18N.properties": 1723815646564,
  "ext/controller/CapexObjectPageCustom.controller.js": 1723815646564,
  "ext/controller/CapexListReportCustom.controller.js": 1723828866388,
  "manifest.json": 1723851814856,
  "Component.js": 1723413905845,
  "Component-dbg.js": 1723413905845,
  "Component.js.map": 1723851814940,
  "ext/controller/CapexListReportCustom-dbg.controller.js": 1723828866388,
  "ext/controller/CapexListReportCustom.controller.js.map": 1723851814947,
  "ext/controller/CapexObjectPageCustom-dbg.controller.js": 1723815646564,
  "i18n/i18n.properties": 1723815646564,
  "Component-preload.js": 1723851815031,
  "Component-preload.js.map": 1723851815031,
  "ext/CustomImage.view.xml": 1723657357863,
  "index.html": 1723649856651
}