{
  "Component-dbg.js": 1723413905845,
  "i18n/i18n.properties": 1723815646564,
  "i18n/customI18N_en.properties": 1723815646564,
  "i18n/customI18N.properties": 1723815646564,
  "ext/controller/CapexListReportCustom.controller.js": 1723939433209,
  "ext/controller/CapexObjectPageCustom.controller.js": 1724078795903,
  "ext/fragment/Feed.js": 1724076039591,
  "manifest.json": 1724105426145,
  "Component.js": 1723413905845,
  "ext/controller/CapexObjectPageCustom-dbg.controller.js": 1724078795903,
  "ext/controller/CapexObjectPageCustom.controller.js.map": 1724105426267,
  "ext/controller/CapexListReportCustom-dbg.controller.js": 1723939433209,
  "ext/controller/CapexListReportCustom.controller.js.map": 1724105426259,
  "ext/fragment/Feed-dbg.js": 1724076039591,
  "ext/fragment/Feed.js.map": 1724105426255,
  "i18n/i18n_en.properties": 1723939433209,
  "Component.js.map": 1724105426253,
  "Component-preload.js": 1724105426346,
  "Component-preload.js.map": 1724105426346,
  "ext/fragment/Feed.fragment.xml": 1724076039591,
  "ext/CustomImage.view.xml": 1723657357863,
  "index.html": 1723649856651
}