{
  "ext/view/ViewPdfPage.controller.js.map": 1731280612894,
  "i18n/i18n.properties": 1731280116684,
  "i18n/customI18N_en.properties": 1726601245097,
  "i18n/customI18N.properties": 1723815646564,
  "ext/controller/CapexObjectPageCustom.controller.js": 1730861381909,
  "ext/fragment/Viewpdf.js": 1726583558895,
  "ext/fragment/Feed.js": 1728050603454,
  "ext/view/ViewPdfPage.controller.js": 1731280248527,
  "ext/controller/CapexListReportCustom.controller.js": 1723939433209,
  "manifest.json": 1731280612701,
  "Component.js": 1723413905845,
  "ext/view/ViewPdfPage-dbg.controller.js": 1731280248527,
  "i18n/i18n_en.properties": 1726581914720,
  "ext/fragment/Viewpdf-dbg.js": 1726583558895,
  "ext/fragment/Viewpdf.js.map": 1731280612894,
  "ext/fragment/Feed-dbg.js": 1728050603454,
  "ext/fragment/Feed.js.map": 1731280612882,
  "ext/controller/CapexObjectPageCustom-dbg.controller.js": 1730861381909,
  "ext/controller/CapexObjectPageCustom.controller.js.map": 1731280612896,
  "ext/controller/CapexListReportCustom-dbg.controller.js": 1723939433209,
  "ext/controller/CapexListReportCustom.controller.js.map": 1731280612891,
  "Component-dbg.js": 1723413905845,
  "Component.js.map": 1731280612892,
  "Component-preload.js": 1731280612986,
  "Component-preload.js.map": 1731280612986,
  "ext/view/ViewPdfPage.view.xml": 1731280174996,
  "ext/fragment/Viewpdf.fragment.xml": 1726582420489,
  "ext/fragment/Feed.fragment.xml": 1724160228121,
  "ext/CustomImage.view.xml": 1728048158430,
  "index.html": 1723649856651
}