{
  "ext/CustomImage.view.xml": 1723770267868,
  "i18n/i18n.properties": 1723772362598,
  "i18n/customI18N_en.properties": 1723773104204,
  "i18n/i18n_en.properties": 1723881931082,
  "ext/controller/CapexObjectPageCustom.controller.js": 1723872422722,
  "ext/controller/CapexListReportCustom.controller.js": 1723872815305,
  "manifest.json": 1723965731056,
  "Component.js": 1723358434079,
  "ext/controller/CapexObjectPageCustom-dbg.controller.js": 1723872422722,
  "ext/controller/CapexObjectPageCustom.controller.js.map": 1723965731179,
  "ext/controller/CapexListReportCustom-dbg.controller.js": 1723872815305,
  "ext/controller/CapexListReportCustom.controller.js.map": 1723965731180,
  "Component-dbg.js": 1723358434079,
  "Component.js.map": 1723965731167,
  "Component-preload.js": 1723965731246,
  "Component-preload.js.map": 1723965731246,
  "i18n/customI18N.properties": 1723772909913,
  "index.html": 1723358434079
}