{
  "manifest.json": 1731197955156,
  "i18n/i18n.properties": 1726582011510,
  "i18n/customI18N_en.properties": 1726601245097,
  "i18n/i18n_en.properties": 1726581914720,
  "ext/fragment/Viewpdf.js": 1726583558895,
  "ext/fragment/Feed.js": 1728050603454,
  "ext/controller/CapexObjectPageCustom.controller.js": 1730861381909,
  "ext/controller/CapexListReportCustom.controller.js": 1723939433209,
  "i18n/customI18N.properties": 1723815646564,
  "Component.js": 1723413905845,
  "ext/fragment/Feed-dbg.js": 1728050603454,
  "ext/fragment/Feed.js.map": 1731197955293,
  "ext/fragment/Viewpdf-dbg.js": 1726583558895,
  "ext/fragment/Viewpdf.js.map": 1731197955297,
  "ext/controller/CapexObjectPageCustom-dbg.controller.js": 1730861381909,
  "ext/controller/CapexObjectPageCustom.controller.js.map": 1731197955311,
  "ext/controller/CapexListReportCustom-dbg.controller.js": 1723939433209,
  "ext/controller/CapexListReportCustom.controller.js.map": 1731197955311,
  "Component-dbg.js": 1723413905845,
  "Component.js.map": 1731197955295,
  "Component-preload.js": 1731197955397,
  "Component-preload.js.map": 1731197955397,
  "ext/fragment/Viewpdf.fragment.xml": 1726582420489,
  "ext/fragment/Feed.fragment.xml": 1724160228121,
  "ext/CustomImage.view.xml": 1728048158430,
  "index.html": 1723649856651
}